{"info":{"_postman_id":"3ab29921-97d0-4d50-b743-c2fa59e66ba3","name":"IBGE","schema":"https://schema.getpostman.com/json/collection/v2.1.0/collection.json"},"item":[{"name":"Leitura","item":[{"name":"IBGE1","id":"ade7700e-8227-4094-b550-9e3f6dbbead0","protocolProfileBehavior":{"disableBodyPruning":true},"request":{"method":"GET","header":[],"url":{"raw":"https://servicodados.ibge.gov.br/api/v1/localidades/estados","protocol":"https","host":["servicodados","ibge","gov","br"],"path":["api","v1","localidades","estados"]}},"response":[]},{"name":"IBGE2","id":"9b053e7e-0d0a-475f-b470-1f68c80d6b29","protocolProfileBehavior":{"disableBodyPruning":true},"request":{"method":"GET","header":[],"url":null},"response":[]},{"name":"IBGE3","id":"95744c75-ad53-4cd2-8278-8fd46f95dcf5","protocolProfileBehavior":{"disableBodyPruning":true},"request":{"method":"GET","header":[],"url":null},"response":[]},{"name":"IBGE4","id":"a4fb2500-2f05-4aae-b0b4-306a47b6f280","protocolProfileBehavior":{"disableBodyPruning":true},"request":{"method":"GET","header":[],"url":{"raw":"https://servicodados.ibge.gov.br/api/v1/localidades/municipios/3106200/distritos","protocol":"https","host":["servicodados","ibge","gov","br"],"path":["api","v1","localidades","municipios","3106200","distritos"]}},"response":[]},{"name":"IBGE5","id":"a2f2fe62-8533-4ff4-ae92-c264e71e9cf8","protocolProfileBehavior":{"disableBodyPruning":true},"request":{"method":"GET","header":[],"url":null},"response":[]},{"name":"IBGE6","id":"cb89b66f-37df-4662-bf18-71ab5b4bf17f","protocolProfileBehavior":{"disableBodyPruning":true},"request":{"method":"GET","header":[],"url":{"raw":"https://servicodados.ibge.gov.br/api/v1/localidades/municipios/3106200%7C3118601/","protocol":"https","host":["servicodados","ibge","gov","br"],"path":["api","v1","localidades","municipios","3106200%7C3118601",""]}},"response":[]}],"id":"9a54839b-4f10-4d43-9c65-f7c805f80453"}]}