{"info":{"_postman_id":"f925c62f-3708-47c1-b9a0-5a1867944d7e","name":"JSONPlaceholder","schema":"https://schema.getpostman.com/json/collection/v2.1.0/collection.json"},"item":[{"name":"Leitura","item":[{"name":"Postagem","id":"e4559eb8-19c4-4786-bf7f-b6e8e72aa1f3","protocolProfileBehavior":{"disableBodyPruning":true},"request":{"method":"GET","header":[],"url":{"raw":"https://jsonplaceholder.typicode.com/posts","protocol":"https","host":["jsonplaceholder","typicode","com"],"path":["posts"]}},"response":[]},{"name":"New Request","id":"d1d93223-1f51-4af4-a8fb-d36c7988c756","protocolProfileBehavior":{"disableBodyPruning":true},"request":{"method":"GET","header":[],"url":{"raw":"https://jsonplaceholder.typicode.com/","protocol":"https","host":["jsonplaceholder","typicode","com"],"path":[""]}},"response":[]}],"id":"2242bc0c-811f-4a4f-bccf-a9ceca2a1f61"}]}